Domaine;SEMrushRank;MoyenneClassementGooogle;Frequence;PA;MatchedDomain
fr.wikipedia.org;1;3.475206611570248;726;95;https://fr.wikipedia.org
www.allocine.fr;78295;4.994535519125683;366;91;https://www.allocine.fr
www.programme-tv.net;125027;7.832298136645963;322;85;https://www.programme-tv.net
www.canalplus.com;79000;5.873076923076923;260;84;https://www.canalplus.com
www.france.tv;81707;3.367088607594937;237;86;https://www.france.tv
www.molotov.tv;479018;6.3515625;128;60;https://www.molotov.tv
www.tf1.fr;104070;3.9217391304347826;115;86;https://www.tf1.fr
www.6play.fr;216064;4.296296296296297;108;80;https://www.6play.fr
programmetv.ouest-france.fr;55247;8.283018867924529;106;93;https://programmetv.ouest-france.fr
www.programme-television.org;551242;7.63;100;77;https://www.programme-television.org
tvmag.lefigaro.fr;19674;7.815217391304348;92;93;https://tvmag.lefigaro.fr
www.senscritique.com;283329;7.8522727272727275;88;84;https://www.senscritique.com
television.telerama.fr;580161;8.113636363636363;88;88;https://television.telerama.fr
www.youtube.com;2;4.627906976744186;86;100;https://www.youtube.com
fr-fr.facebook.com;6;6.607142857142857;84;96;https://fr-fr.facebook.com
www.amazon.fr;24226;8.37037037037037;81;93;https://www.amazon.fr
www.programme.tv;892354;7.260273972602739;73;70;https://www.programme.tv
tv-programme.com;1069919;7.349206349206349;63;57;https://tv-programme.com
www.netflix.com;49;6.927272727272728;55;93;https://www.netflix.com
www.gulli.fr;1138870;4.528301886792453;53;62;https://www.gulli.fr
www.arte.tv;112573;3.9166666666666665;48;92;https://www.arte.tv
www.larousse.fr;16910;6.787234042553192;47;86;https://www.larousse.fr
www.fnac.com;59769;9.380952380952381;42;90;https://www.fnac.com
fr.wiktionary.org;39;7.2926829268292686;41;93;https://fr.wiktionary.org
www.francetelevisions.fr;978228;7.048780487804878;41;75;https://www.francetelevisions.fr
www.francetvpro.fr;2733390;7.85;40;59;https://www.francetvpro.fr
tv.apple.com;15;6.243243243243243;37;99;https://tv.apple.com
www.linternaute.com;291940;7.527777777777778;36;88;https://www.linternaute.com
www.imdb.com;5;8.228571428571428;35;95;https://www.imdb.com
livre.fnac.com;59769;8.323529411764707;34;90;https://livre.fnac.com
www.telerama.fr;580161;6.625;32;88;https://www.telerama.fr
www.cineserie.com;790066;7.46875;32;73;https://www.cineserie.com
www.replay.fr;2035738;7.67741935483871;31;53;https://www.replay.fr
www.ouest-france.fr;55247;6.548387096774194;31;93;https://www.ouest-france.fr
www.facebook.com;6;7.333333333333333;30;96;https://www.facebook.com
www.toutelatele.com;3876963;6.037037037037037;27;69;https://www.toutelatele.com
www.justwatch.com;645;7.111111111111111;27;77;https://www.justwatch.com
www.disneyplus.com;160;7.461538461538462;26;77;https://www.disneyplus.com
www.rmcbfmplay.com;1745272;4.3076923076923075;26;57;https://www.rmcbfmplay.com
www.lefigaro.fr;19674;8.038461538461538;26;93;https://www.lefigaro.fr
www.telestar.fr;1144866;5.24;25;78;https://www.telestar.fr
www.lequipe.fr;23243;4.08;25;83;https://www.lequipe.fr
www.ecranlarge.com;588616;9.130434782608695;23;81;https://www.ecranlarge.com
www.babelio.com;262262;8.0;21;77;https://www.babelio.com
en.wikipedia.org;1;4.15;20;98;https://en.wikipedia.org
www.nrj-play.fr;3514195;6.0;20;57;https://www.nrj-play.fr
www.20minutes.fr;130305;8.666666666666666;18;92;https://www.20minutes.fr
actu.fr;519128;5.588235294117647;17;91;https://actu.fr
fr.vikidia.org;179145;7.470588235294118;17;70;https://fr.vikidia.org
www.instagram.com;7;10.375;16;94;https://www.instagram.com
www.cdiscount.com;70553;7.466666666666667;15;92;https://www.cdiscount.com
www.synonyme-du-mot.com;280055;4.933333333333334;15;null;null
www.radiofrance.fr;110449;6.857142857142857;14;93;https://www.radiofrance.fr
boutique.arte.tv;112573;3.0;14;92;https://boutique.arte.tv
www.elle.fr;144358;8.642857142857142;14;86;https://www.elle.fr
www.filmspourenfants.net;2676185;6.214285714285714;14;35;https://www.filmspourenfants.net
www.linguee.fr;63822;9.0;13;59;https://www.linguee.fr
www.voici.fr;88478;10.153846153846153;13;71;https://www.voici.fr
replay.gulli.fr;1138870;3.5384615384615383;13;62;https://replay.gulli.fr
www.canalj.fr;2245437;7.384615384615385;13;50;https://www.canalj.fr
booknode.com;430278;10.76923076923077;13;57;https://booknode.com
twitter.com;12;7.5;12;94;https://twitter.com
www.nouveautes-tele.com;1821355;6.25;12;52;https://www.nouveautes-tele.com
www.serieously.com;3103744;4.75;12;49;https://www.serieously.com
www.leparisien.fr;45057;5.583333333333333;12;93;https://www.leparisien.fr
www.a-suivre.org;4364275;9.454545454545455;11;49;https://www.a-suivre.org
discoveryfrance.fr;10550630;4.2727272727272725;11;41;https://discoveryfrance.fr
www.cnrtl.fr;46853;7.090909090909091;11;70;https://www.cnrtl.fr
www.rtlplay.be;1013918;7.2727272727272725;11;53;https://www.rtlplay.be
www.joueclub.fr;535411;6.9;10;63;https://www.joueclub.fr
www.eurosport.fr;214043;8.3;10;73;https://www.eurosport.fr
www.ozap.com;2141368;9.8;10;71;https://www.ozap.com
www.lemonde.fr;13457;6.4;10;93;https://www.lemonde.fr
m.youtube.com;2;6.222222222222222;9;100;https://m.youtube.com
www.europe1.fr;71059;4.888888888888889;9;90;https://www.europe1.fr
www.lumni.fr;1216678;5.222222222222222;9;67;https://www.lumni.fr
www.cnews.fr;136633;6.111111111111111;9;80;https://www.cnews.fr
www.premiere.fr;1986629;9.666666666666666;9;79;https://www.premiere.fr
www.primevideo.com;3960;6.222222222222222;9;81;https://www.primevideo.com
www.cairn.info;79063;9.25;8;81;https://www.cairn.info
www.cosmopolitan.fr;454004;7.75;8;78;https://www.cosmopolitan.fr
www.cultura.com;554026;7.5;8;83;https://www.cultura.com
www.lalanguefrancaise.com;64470;8.875;8;55;https://www.lalanguefrancaise.com
www.feminactu.com;4353654;5.75;8;45;https://www.feminactu.com
www.geo.fr;503600;9.25;8;74;https://www.geo.fr
www.tfoumax.fr;6376574;6.5;8;43;https://www.tfoumax.fr
www.bfmtv.com;49414;6.25;8;92;https://www.bfmtv.com
www.dailymotion.com;795;8.857142857142858;7;95;https://www.dailymotion.com
www.francetvinfo.fr;47748;7.0;7;93;https://www.francetvinfo.fr
fr.news.yahoo.com;11;7.285714285714286;7;94;https://fr.news.yahoo.com
www.tv5unis.ca;2136902;7.0;7;56;https://www.tv5unis.ca
www.king-jouet.com;711009;5.571428571428571;7;61;https://www.king-jouet.com
www.lepoint.fr;234878;9.285714285714286;7;91;https://www.lepoint.fr
www.salto.fr;2314308;9.285714285714286;7;55;https://www.salto.fr
www.purebreak.com;2475641;4.714285714285714;7;77;https://www.purebreak.com
xilam.com;462934;3.5714285714285716;7;52;https://xilam.com
www.ladepeche.fr;409717;7.428571428571429;7;91;https://www.ladepeche.fr
www.lagranderecre.fr;1252082;7.5;6;62;https://www.lagranderecre.fr
www.rts.ch;587740;8.333333333333334;6;80;https://www.rts.ch
dictionary.cambridge.org;38;8.166666666666666;6;93;https://dictionary.cambridge.org
podcasts.apple.com;15;7.333333333333333;6;99;https://podcasts.apple.com
www.soap-passion.com;2271949;6.5;6;39;https://www.soap-passion.com
www.bedetheque.com;1385407;6.833333333333333;6;71;https://www.bedetheque.com
www.telequebec.tv;754960;7.666666666666667;6;66;https://www.telequebec.tv
www.dargaud.com;4045428;4.666666666666667;6;65;https://www.dargaud.com
newsactual.fr;3271429;8.0;6;32;https://newsactual.fr
www.francebleu.fr;495057;5.833333333333333;6;84;https://www.francebleu.fr
www.service-public.fr;47846;4.166666666666667;6;93;https://www.service-public.fr
actu.salto.fr;2314308;7.833333333333333;6;55;https://actu.salto.fr
www.telepoche.fr;4384065;8.333333333333334;6;46;https://www.telepoche.fr
www.decitre.fr;784326;7.8;5;70;https://www.decitre.fr
bullesdeculture.com;6673227;6.2;5;44;https://bullesdeculture.com
www.linternaute.fr;30923;5.0;5;75;https://www.linternaute.fr
play.google.com;4;7.2;5;99;https://play.google.com
www.cartoonnetwork.fr;3461587;5.8;5;48;https://www.cartoonnetwork.fr
www.e.leclerc;417349;10.2;5;75;https://www.e.leclerc
fr.bab.la;577;9.0;5;83;https://fr.bab.la
www.magicmaman.com;306386;6.6;5;75;https://www.magicmaman.com
www.bdtheque.com;2756926;7.4;5;46;https://www.bdtheque.com
cuisine.journaldesfemmes.fr;61142;4.8;5;87;https://cuisine.journaldesfemmes.fr
www.serie-news.com;8831179;5.8;5;21;https://www.serie-news.com
cinema.bretagne.bzh;2917152;7.4;5;60;https://cinema.bretagne.bzh
canneseries.com;401052;7.6;5;55;https://canneseries.com
www.purepeople.com;254534;8.0;5;88;https://www.purepeople.com
sports.orange.fr;113998;7.4;5;92;https://sports.orange.fr
www.tf1info.fr;218597;5.4;5;89;https://www.tf1info.fr
www.tv5monde.com;66153;8.0;5;83;https://www.tv5monde.com
www.parents.fr;266711;7.4;5;73;https://www.parents.fr
www.petitpoilu.com;18981680;3.2;5;36;http://www.petitpoilu.com
www.evous.fr;1115678;5.8;5;62;https://www.evous.fr
www.rugbyrama.fr;696995;6.8;5;64;https://www.rugbyrama.fr
www.letelegramme.fr;549870;9.0;4;null;null
www.glenat.com;2809063;6.0;4;64;https://www.glenat.com
fr.wikihow.com;116;5.75;4;93;https://fr.wikihow.com
actualitte.com;2471105;6.75;4;67;https://actualitte.com
dictionnaire.lerobert.com;94741;6.75;4;62;https://dictionnaire.lerobert.com
apps.apple.com;15;9.0;4;99;https://apps.apple.com
www.cinereflex.com;9209427;8.25;4;19;http://www.cinereflex.com
www.lesinrocks.com;1201744;6.75;4;84;https://www.lesinrocks.com
www.cnetfrance.fr;1106324;8.25;4;77;https://www.cnetfrance.fr
www.aufeminin.com;349017;9.5;4;91;https://www.aufeminin.com
revoir.tv5monde.com;66153;8.25;4;83;https://revoir.tv5monde.com
www.parismatch.com;113873;8.0;4;84;https://www.parismatch.com
www.nationalgeographic.fr;1388457;7.0;4;66;https://www.nationalgeographic.fr
www.huffingtonpost.fr;685065;10.75;4;89;https://www.huffingtonpost.fr
rmc.bfmtv.com;49414;7.75;4;92;https://rmc.bfmtv.com
www.marieclaire.fr;248007;8.0;4;78;https://www.marieclaire.fr
www.turbo.fr;1927382;7.25;4;76;https://www.turbo.fr
www.lego.com;236;5.0;4;92;https://www.lego.com
madame.lefigaro.fr;19674;5.0;4;null;null
www.telereplay.fr;4384951;7.75;4;29;https://www.telereplay.fr
www.lnr.fr;1618158;3.0;4;59;https://www.lnr.fr
www.nvidia.com;655;3.75;4;92;https://www.nvidia.com
www.rolandgarros.com;2387;4.25;4;77;https://www.rolandgarros.com
fr.shopping.rakuten.com;2447;9.0;3;91;https://fr.shopping.rakuten.com
www.bibliothequerose.com;6764678;4.666666666666667;3;41;https://www.bibliothequerose.com
www.zed.fr;1235955;4.666666666666667;3;42;https://www.zed.fr
www.ledauphine.com;541312;7.666666666666667;3;null;null
www.crew-united.com;176090;7.333333333333333;3;52;https://www.crew-united.com
auvio.rtbf.be;146906;10.0;3;91;https://auvio.rtbf.be
www.lavoixdunord.fr;80584;4.0;3;79;https://www.lavoixdunord.fr
www.toupie.org;602836;8.666666666666666;3;54;https://www.toupie.org
www.telez.fr;3641782;6.666666666666667;3;47;https://www.telez.fr
www.tiji.fr;4077813;8.333333333333334;3;48;https://www.tiji.fr
fr.aliexpress.com;626;7.666666666666667;3;94;https://fr.aliexpress.com
www.critictoo.com;8044127;9.0;3;57;https://www.critictoo.com
www.sudouest.fr;383309;7.0;3;90;https://www.sudouest.fr
www.universalis.fr;500030;8.666666666666666;3;68;https://www.universalis.fr
www.gala.fr;220295;7.666666666666667;3;83;https://www.gala.fr
www.allodoublage.com;5073266;11.0;3;33;http://www.allodoublage.com
open.spotify.com;55;7.666666666666667;3;93;https://open.spotify.com
rmccrime.bfmtv.com;49414;8.0;3;92;https://rmccrime.bfmtv.com
www.maxicours.com;908428;4.333333333333333;3;null;null
www.futura-sciences.com;233579;10.333333333333334;3;90;https://www.futura-sciences.com
www.nrj.fr;702239;5.666666666666667;3;78;https://www.nrj.fr
photo.caminteresse.fr;817935;8.0;3;62;https://photo.caminteresse.fr
www.rtl.fr;485549;5.666666666666667;3;89;https://www.rtl.fr
www.echosdunet.net;785739;5.0;3;null;null
www.leblogtvnews.com;3084643;5.666666666666667;3;61;https://www.leblogtvnews.com
www.pokepedia.fr;300504;6.0;3;59;https://www.pokepedia.fr
www.societe.com;166070;5.0;3;71;https://www.societe.com
www.jolie-bobine.fr;2894912;4.333333333333333;3;null;null
www.jeuxvideo.com;142068;6.666666666666667;3;89;https://www.jeuxvideo.com
leclaireur.fnac.com;59769;6.333333333333333;3;90;https://leclaireur.fnac.com
www.pinterest.fr;34541;8.666666666666666;3;93;https://www.pinterest.fr
langue-francaise.tv5monde.com;66153;7.333333333333333;3;83;https://langue-francaise.tv5monde.com
dictionnaire.reverso.net;417;8.0;3;88;https://dictionnaire.reverso.net
www.footmercato.net;84954;6.333333333333333;3;73;https://www.footmercato.net
fr.uefa.com;519;8.333333333333334;3;92;https://fr.uefa.com
www.flashscore.fr;177993;9.666666666666666;3;48;https://www.flashscore.fr
mcetv.ouest-france.fr;55247;5.0;3;93;https://mcetv.ouest-france.fr
www.boomerangtv.fr;2476601;5.333333333333333;3;43;https://www.boomerangtv.fr
madelen.ina.fr;937204;7.0;3;79;https://madelen.ina.fr
www.femmeactuelle.fr;144738;5.0;3;83;https://www.femmeactuelle.fr
www.piscines-hdp.com;10714201;6.333333333333333;3;18;https://www.piscines-hdp.com
replay.orange.fr;113998;7.333333333333333;3;92;https://replay.orange.fr
chefsimon.com;332368;7.0;3;65;https://chefsimon.com
www.film-documentaire.fr;3486856;4.333333333333333;3;56;https://www.film-documentaire.fr
bayam.tv;5473885;4.666666666666667;3;53;https://bayam.tv
fr.wikimini.org;3349457;4.666666666666667;3;null;null
www.numerama.com;843945;7.666666666666667;3;79;https://www.numerama.com
www.ocs.fr;2677941;7.333333333333333;3;null;null
www.lodge-coco.com;7654616;6.333333333333333;3;8;https://www.lodge-coco.com
www.cuisineaz.com;203999;9.333333333333334;3;82;https://www.cuisineaz.com
mecaretrosport76.fr;n/a;6.0;3;21;https://mecaretrosport76.fr
www.conseil-constitutionnel.fr;742474;6.666666666666667;3;70;https://www.conseil-constitutionnel.fr
powerrangers.hasbro.com;1324;5.333333333333333;3;82;https://powerrangers.hasbro.com
powerrangers.fandom.com;9;10.333333333333334;3;94;https://powerrangers.fandom.com
www.madmoizelle.com;1099988;6.0;3;79;https://www.madmoizelle.com
whc.unesco.org;1983;7.0;3;93;https://whc.unesco.org
topchef.fandom.com;9;3.3333333333333335;3;94;https://topchef.fandom.com
www.yetili.fr;14523651;4.666666666666667;3;17;http://www.yetili.fr
www.caradisiac.com;971218;6.0;2;77;https://www.caradisiac.com
support.microsoft.com;56;2.5;2;null;null
www.radio-en-ligne.fr;598943;6.5;2;39;https://www.radio-en-ligne.fr
www.chaletdenho.fr;29573488;8.0;2;null;null
www.courrierinternational.com;660136;4.5;2;83;https://www.courrierinternational.com
www.mafamillezen.com;5991921;5.0;2;null;null
www.20min.ch;303572;3.5;2;null;null
www.bd-kids.com;5939581;5.0;2;35;https://www.bd-kids.com
www.bdfugue.com;1958621;11.5;2;null;null
www.idealo.fr;1454693;9.0;2;69;https://www.idealo.fr
svod.gulli.fr;1138870;10.0;2;62;https://svod.gulli.fr
buffy.fandom.com;9;5.5;2;94;https://buffy.fandom.com
store.steampowered.com;115;8.0;2;93;https://store.steampowered.com
www.skylinewebcams.com;15452;5.5;2;71;https://www.skylinewebcams.com
beyblade-shop.com;7798274;5.5;2;18;https://beyblade-shop.com
beyblade.hasbro.com;1324;1.5;2;82;https://beyblade.hasbro.com
www.ebay.fr;115188;10.5;2;90;https://www.ebay.fr
bob-leponge.fandom.com;9;4.5;2;94;https://bob-leponge.fandom.com
bones.hypnoweb.net;1451008;6.5;2;59;https://bones.hypnoweb.net
www.dupuis.com;3512983;8.0;2;63;https://www.dupuis.com
braindamaged.fr;5322182;8.0;2;null;null
francetvstudio.fr;9975601;9.0;2;32;https://francetvstudio.fr
www.palaisdesfestivals.com;708992;3.5;2;58;https://www.palaisdesfestivals.com
www.prismashop.fr;4137062;10.0;2;51;https://www.prismashop.fr
mythologica.fr;2674823;8.5;2;53;https://mythologica.fr
nominis.cef.fr;899451;11.5;2;69;https://nominis.cef.fr
www.mariefrance.fr;1201927;10.5;2;66;https://www.mariefrance.fr
www.persee.fr;515340;3.0;2;null;null
www.herodote.net;1494401;7.5;2;69;https://www.herodote.net
tf1-et-vous.tf1.fr;104070;6.5;2;null;null
actuanews.fr;33231816;7.0;2;38;https://actuanews.fr
fr.quora.com;60;3.0;2;null;null
www.dvdfr.com;5349094;10.5;2;55;https://www.dvdfr.com
www.usineadesign.com;6493665;3.5;2;42;https://www.usineadesign.com
entreprendre.service-public.fr;47846;2.0;2;93;https://entreprendre.service-public.fr
www.demarches.interieur.gouv.fr;113479;7.0;2;87;https://www.demarches.interieur.gouv.fr
www.securite-routiere.gouv.fr;887073;7.5;2;76;https://www.securite-routiere.gouv.fr
www.sortiraparis.com;149220;7.0;2;71;https://www.sortiraparis.com
www.letour.fr;41720;4.0;2;76;https://www.letour.fr
www.1jour1actu.com;356085;6.5;2;null;null
rmcsport.bfmtv.com;49414;9.0;2;null;null
www.latourdesheros.com;8699892;6.5;2;38;http://www.latourdesheros.com
ici.tou.tv;240239;9.5;2;58;https://ici.tou.tv
dictionnaire.sensagent.leparisien.fr;45057;10.0;2;null;null
m.facebook.com;6;5.0;2;96;https://m.facebook.com
www.strate.design;7965240;4.5;2;49;https://www.strate.design
www.paruvendu.fr;483372;3.0;2;74;https://www.paruvendu.fr
www.cidj.com;381608;5.5;2;null;null
rubypayeur.com;1934161;11.0;2;37;https://rubypayeur.com
www.vanityfair.fr;1836849;10.0;2;73;https://www.vanityfair.fr
serieophile.fr;6721371;1.5;2;null;null
www.eklecty-city.fr;2346187;6.0;2;null;null
www.db-z.com;2959253;4.5;2;56;https://www.db-z.com
www.micromania.fr;1047286;11.0;2;65;https://www.micromania.fr
fr.bandainamcoent.eu;4031;10.0;2;80;https://fr.bandainamcoent.eu
drop-dead-diva.fandom.com;9;7.5;2;null;null
www.techno-science.net;539609;10.5;2;67;https://www.techno-science.net
www.journaldesfemmes.fr;61142;8.5;2;87;https://www.journaldesfemmes.fr
www.rcf.fr;2431799;10.5;2;null;null
newsdanciennes.com;7977952;6.0;2;45;https://newsdanciennes.com
guide.benshi.fr;8511872;4.0;2;null;null
www.casterman.com;1538989;9.0;2;65;https://www.casterman.com
etvous.m6.fr;6496967;9.0;2;71;https://etvous.m6.fr
www.public.fr;801899;10.0;2;77;https://www.public.fr
www.capuseen.com;6024211;6.0;2;53;https://www.capuseen.com
www.editions-soleil.fr;5266351;10.5;2;56;https://www.editions-soleil.fr
billetterie.psg.fr;2099;8.0;2;null;null
www.vogue.fr;9357;11.5;2;85;https://www.vogue.fr
wikidoublage.fandom.com;9;7.0;2;null;null
www.nintendo.com;170;8.5;2;91;https://www.nintendo.com
www.xbox.com;167;4.5;2;93;https://www.xbox.com
www.liberation.fr;146640;6.5;2;92;https://www.liberation.fr
herculepoirot.free.fr;33486697;6.0;2;null;null
www.icem-pedagogie-freinet.org;9458997;7.5;2;55;https://www.icem-pedagogie-freinet.org
www.konvert.be;8514720;6.5;2;null;null
www.etudes-litteraires.com;3150469;7.5;2;70;https://www.etudes-litteraires.com
www.etudier.com;918401;4.5;2;null;null
www.bamboo.fr;23496447;5.5;2;55;https://www.bamboo.fr
olympics.com;573;1.5;2;90;https://olympics.com
cnosf.franceolympique.com;2598434;5.5;2;65;https://cnosf.franceolympique.com
www.france-allemagne.fr;7436871;5.0;2;52;https://www.france-allemagne.fr
heros.fandom.com;9;4.5;2;94;https://heros.fandom.com
mediatoon-distribution.com;1430184;8.0;2;33;https://mediatoon-distribution.com
www.ribambel.com;3844491;1.5;2;47;https://www.ribambel.com
www.produits-laitiers.com;4078549;9.0;2;56;https://www.produits-laitiers.com
www.livredepoche.com;1871542;9.5;2;62;https://www.livredepoche.com
www.routard.com;316623;2.5;2;77;https://www.routard.com
www.wapiti-magazine.com;7462851;7.0;2;null;null
actus.sfr.fr;115293;8.0;2;84;https://actus.sfr.fr
www.hww.ca;47357;8.5;2;null;null
lemagdesanimaux.ouest-france.fr;55247;5.5;2;93;https://lemagdesanimaux.ouest-france.fr
www.cc-veron.fr;9261826;4.0;2;29;https://www.cc-veron.fr
www.julieandrieu.com;3622030;4.5;2;52;https://www.julieandrieu.com
www.fredericlenoir.com;4598785;4.5;2;51;https://www.fredericlenoir.com
programme-tv.nouvelobs.com;69167;7.5;2;null;null
www.govoyages.com;407982;7.0;2;null;null
www.gallimard-jeunesse.fr;2529830;9.5;2;66;https://www.gallimard-jeunesse.fr
www.ecoledesloisirs.fr;726070;6.0;2;null;null
www.franceroutes.fr;7327012;5.5;2;41;https://www.franceroutes.fr
fr.legit.ng;1274;7.5;2;86;https://fr.legit.ng
www.lesaccessoires.fr;30252159;9.0;2;null;null
www.disneyphile.fr;6484383;3.5;2;36;https://www.disneyphile.fr
www.tvmaison.com;6953901;4.5;2;22;https://www.tvmaison.com
deco.journaldesfemmes.fr;61142;5.5;2;87;https://deco.journaldesfemmes.fr
www.diffazur.fr;3581259;1.5;2;38;https://www.diffazur.fr
magnum-pi.hypnoweb.net;1451008;6.0;2;59;https://magnum-pi.hypnoweb.net
www.logic-immo.com;427019;6.5;2;59;https://www.logic-immo.com
www.malcolm-france.com;3709338;5.5;2;49;https://www.malcolm-france.com
www.lesechos.fr;137846;7.5;2;91;https://www.lesechos.fr
www.synonymo.fr;282101;10.0;2;null;null
messes.info;6380933;1.5;2;46;https://messes.info
www.imagesdoc.com;3601344;6.5;2;42;https://www.imagesdoc.com
www.maisonducafe.com;3369838;5.0;2;32;https://www.maisonducafe.com
www.750g.com;425833;7.0;2;91;https://www.750g.com
www.demotivateur.fr;754799;10.5;2;74;https://www.demotivateur.fr
castprod.com;4375556;6.0;2;null;null
www.lawandorder-fr.com;36208748;10.5;2;null;null
www.netflix-news.com;4987812;6.0;2;45;https://www.netflix-news.com
prenoms.famili.fr;3281822;6.0;2;60;http://prenoms.famili.fr
www.vie-publique.fr;379316;6.0;2;73;https://www.vie-publique.fr
meltingmots.com;3195095;10.0;2;null;null
www.hulu.com;94;9.0;2;89;https://www.hulu.com
www.tfo.org;2274213;5.0;2;59;https://www.tfo.org
www.boutiquesdemusees.fr;415646;5.5;2;null;null
www.lepetitjuriste.fr;1900618;8.0;2;52;https://www.lepetitjuriste.fr
lcp.fr;7293803;2.5;2;69;https://lcp.fr
riverdale.fandom.com;9;8.5;2;94;https://riverdale.fandom.com
www.prenoms.com;2079975;11.5;2;50;https://www.prenoms.com
www.epcrugby.com;279043;1.5;2;59;https://www.epcrugby.com
www.midi-olympique.fr;2625979;10.5;2;null;null
www.sixnationsrugby.com;56334;2.5;2;69;https://www.sixnationsrugby.com
www.sam-le-pompier.fr;18127547;7.5;2;27;https://www.sam-le-pompier.fr
www.aude.gouv.fr;3995685;7.5;2;null;null
labougieherbivore.com;3842054;8.0;2;26;https://labougieherbivore.com
www.wordreference.com;636;7.5;2;92;https://www.wordreference.com
www.everykid.com;36581753;3.5;2;28;https://www.everykid.com
www.rottentomatoes.com;29;12.5;2;92;https://www.rottentomatoes.com
www.topgear-magazine.fr;12067867;8.0;2;38;https://www.topgear-magazine.fr
www.mister-turbo.com;5682970;5.5;2;39;https://www.mister-turbo.com
www.monpetitforfait.com;1557115;5.0;2;60;https://www.monpetitforfait.com
www.fideliance.fr;34669713;6.0;2;25;https://www.fideliance.fr
www.anglaisfacile.com;340304;1.5;2;null;null
sacotin.com;1664567;4.5;2;33;https://sacotin.com
www.arteradio.com;5891804;6.0;1;64;https://www.arteradio.com
www.44cats.tv;1572401;3.0;1;34;https://www.44cats.tv
memoiresmplille.wordpress.com;34714534;7.0;1;16;https://memoiresmplille.wordpress.com
wonder-day.com;17164;8.0;1;null;null
48heuresparjour.com;23352886;7.0;1;null;null
beta.novascotia.ca;43960;3.0;1;null;null
frenchdistrict.com;276021;4.0;1;null;null
www.secourisme.net;9069208;5.0;1;null;null
www.porsche.com;883;8.0;1;88;https://www.porsche.com
www.911dc.com;27190727;11.0;1;15;https://www.911dc.com
marcthiercelin.com;9664837;3.0;1;11;https://marcthiercelin.com
podcast.ausha.co;853349;6.0;1;69;https://podcast.ausha.co
www.culturecheznous.gouv.fr;11377791;4.0;1;39;https://www.culturecheznous.gouv.fr
www.lucielegrand.com;n/a;5.0;1;null;null
www.microsoft.com;56;1.0;1;99;https://www.microsoft.com
www.ionos.fr;1118955;4.0;1;null;null
www.journaldunet.com;922470;5.0;1;null;null
www.advitamdistribution.com;4852739;1.0;1;49;https://www.advitamdistribution.com
www.academie-francaise.fr;672271;4.0;1;null;null
www.filmparisregion.com;9916678;6.0;1;null;null
advitam.fr;1842594;7.0;1;42;https://advitam.fr
ad-vitam.fr;31416283;9.0;1;null;null
direct-radio.fr;3593742;6.0;1;46;https://direct-radio.fr
www.youlovewords.com;2129212;7.0;1;null;null
www.voxpublic.org;10098756;10.0;1;null;null
radioenlignefrance.com;623310;11.0;1;36;https://radioenlignefrance.com
www.radiofrance.com;4101391;12.0;1;null;null
justabouttv.fr;11405186;5.0;1;null;null
provence-alpes-cotedazur.com;234882;11.0;1;53;https://provence-alpes-cotedazur.com
www.telepro.be;6173263;4.0;1;null;null
ego-productions.com;11017081;13.0;1;null;null
www.universalmusic.fr;4053388;4.0;1;null;null
beta.ataa.fr;33719381;7.0;1;41;https://beta.ataa.fr
americars-strasbourg.com;37433457;2.0;1;12;https://americars-strasbourg.com
www.portail-recrutement-commercial.com;29648732;5.0;1;null;null
www.folimage.fr;10117768;3.0;1;45;https://www.folimage.fr
www.familiscope.fr;2108393;3.0;1;null;null
angelo-la-debrouille.fandom.com;9;4.0;1;null;null
www.la-spa.fr;148407;6.0;1;63;https://www.la-spa.fr
www.superights.net;2806948;5.0;1;27;https://www.superights.net
www.superprodanimation.net;3774299;6.0;1;31;https://www.superprodanimation.net
www.scienceshumaines.com;2531038;7.0;1;null;null
www.betaseries.com;23188;5.0;1;63;https://www.betaseries.com
www.cheval-haute-ecole.com;3125170;4.0;1;null;null
au-galop-stsylvain.fr;36619403;10.0;1;null;null
www.auto-moto.com;662212;2.0;1;71;https://www.auto-moto.com
www.automoto-lachaine.fr;35057699;3.0;1;32;https://www.automoto-lachaine.fr
www.autourdebebe.com;961101;11.0;1;null;null
www.france-voyage.com;60322;12.0;1;null;null
www.history.com;130;8.0;1;92;https://www.history.com
www.observationsociete.fr;5924503;2.0;1;null;null
blog.hubspot.fr;580020;4.0;1;null;null
www.nautiljon.com;145519;9.0;1;null;null
mamanpipelette.fr;12676181;7.0;1;null;null
bakugan-boutique.com;4283331;8.0;1;6;https://www.bakugan-boutique.com
balthazar.org;10471047;10.0;1;null;null
hotel-balthazar.com;5282567;12.0;1;37;https://hotel-balthazar.com
balthazar.fandom.com;9;13.0;1;null;null
budgestudios.com;195803;3.0;1;51;https://budgestudios.com
herverakoto.com;n/a;3.0;1;null;null
baskup.fandom.com;9;12.0;1;null;null
www.hotelnicebeaurivage.com;1273879;1.0;1;43;https://www.hotelnicebeaurivage.com
www.restaurantbeaurivage.fr;21752138;2.0;1;26;https://www.restaurantbeaurivage.fr
www.beau-rivage-hotel.fr;36520038;3.0;1;33;https://www.beau-rivage-hotel.fr
www.beau-rivage.com;414717;4.0;1;52;https://www.beau-rivage.com
www.chateau-beau-rivage.fr;n/a;5.0;1;null;null
plagenicebeaurivage.com;2338913;6.0;1;35;https://plagenicebeaurivage.com
www.brp.ch;1030618;7.0;1;54;https://www.brp.ch
www.hotelbeaurivage.fr;36886726;8.0;1;null;null
www.hyeres-tourisme.com;2553705;9.0;1;null;null
lafilleenrouge.com;23935956;5.0;1;null;null
belgravia.fr;n/a;7.0;1;null;null
www.earthtv.com;64704;1.0;1;55;https://www.earthtv.com
www.visitberlin.de;38455;7.0;1;76;https://www.visitberlin.de
geekroniques.fr;42157567;9.0;1;null;null
www.fxnetworks.com;1737;10.0;1;null;null
toupies-beyblade.fr;18181876;7.0;1;6;https://toupies-beyblade.fr
beyblade-burst.fandom.com;9;4.0;1;94;https://beyblade-burst.fandom.com
fr.epicdope.com;14631;6.0;1;null;null
go-toupie.com;13043343;7.0;1;null;null
bienvenuechezlesloud.fandom.com;9;7.0;1;null;null
fr.vpnmentor.com;10299;6.0;1;null;null
www.coloriez.com;7539604;8.0;1;null;null
france.bluey.tv;4675;7.0;1;46;https://france.bluey.tv
www.puretrend.com;2434469;2.0;1;72;https://www.puretrend.com
www.begeek.fr;3301150;2.0;1;67;https://www.begeek.fr
www.santevet.com;1118255;7.0;1;null;null
sextant-revue.fr;4840241;11.0;1;null;null
broadchurch.fandom.com;9;5.0;1;null;null
www.bepolar.fr;8032252;11.0;1;null;null
www.but.fr;345167;9.0;1;null;null
www.buzzfeed.com;384;4.0;1;null;null
www.maximal-productions.com;3208561;11.0;1;null;null
www.campings-paradis.com;9203102;1.0;1;38;https://www.campings-paradis.com
voyages.carrefour.fr;271953;5.0;1;75;https://voyages.carrefour.fr
www.campinglesamarines.com;33641765;6.0;1;null;null
www.clubcampings.com;4539263;7.0;1;null;null
vl-media.fr;3104852;11.0;1;56;https://vl-media.fr
www.festival-cannes.com;28642;1.0;1;74;https://www.festival-cannes.com
www.cannes.com;422239;7.0;1;64;https://www.cannes.com
france3-regions.francetvinfo.fr;47748;3.0;1;93;https://france3-regions.francetvinfo.fr
www.cap-sudouest.com;13405988;4.0;1;10;https://www.cap-sudouest.com
www.cso.asso.fr;n/a;5.0;1;null;null
www.capital.fr;147205;1.0;1;86;https://www.capital.fr
inomics.com;195781;5.0;1;null;null
www.labreche.fr;13337217;4.0;1;null;null
compediart.com;23398699;5.0;1;null;null
www.grapheine.com;634074;12.0;1;65;https://www.grapheine.com
www.labelbrut.fr;n/a;1.0;1;28;https://www.labelbrut.fr
letheatre.laval.fr;4313780;2.0;1;49;https://letheatre.laval.fr
le-sablier.org;14980755;3.0;1;34;https://le-sablier.org
teleobs.nouvelobs.com;69167;4.0;1;null;null
www.scenenationale61.com;13469584;6.0;1;37;https://www.scenenationale61.com
www.autoplus.fr;1965376;8.0;1;null;null
www.mpbconseils.com;23269492;5.0;1;null;null
www.marianne.net;1566147;8.0;1;null;null
www.worldhistory.org;1259;13.0;1;79;https://www.worldhistory.org
maestrochalet.fr;7502594;1.0;1;29;https://maestrochalet.fr
www.euro-chalet.fr;10649864;2.0;1;16;https://www.euro-chalet.fr
www.coulisses-tv.fr;9878826;4.0;1;null;null
www.chalets-dufour.com;21127761;6.0;1;8;https://www.chalets-dufour.com
www.stmb-construction-chalets-bois.com;8249741;8.0;1;null;null
www.lapessiere.fr;16569437;9.0;1;null;null
www.nintendo.fr;2869091;11.0;1;null;null
chromabox.com;41090156;13.0;1;null;null
www.hypnoweb.net;1451008;14.0;1;59;https://www.hypnoweb.net
www.chicagofirefc.com;22925;13.0;1;null;null
home.chicagopolice.org;8741;8.0;1;64;https://home.chicagopolice.org
podcasts.audiomeans.fr;4123059;3.0;1;49;https://podcasts.audiomeans.fr
podcasts-francais.fr;2390887;10.0;1;33;https://podcasts-francais.fr
podcasts.google.com;4;11.0;1;92;https://podcasts.google.com
mulderville.net;666315;6.0;1;null;null
www.dna.fr;981062;5.0;1;null;null
www.nextplz.fr;1605380;4.0;1;58;https://www.nextplz.fr
clem.fandom.com;9;5.0;1;null;null
www.clem-e.com;23956642;10.0;1;33;https://www.clem-e.com
www.tivi5mondeplus.com;4965633;6.0;1;35;https://www.tivi5mondeplus.com
www.voiture-de-film.fr;12834685;12.0;1;14;https://www.voiture-de-film.fr
www.entreprisesdupaysage.org;6245678;2.0;1;44;https://www.entreprisesdupaysage.org
bigfoot-production.com;n/a;5.0;1;8;https://bigfoot-production.com
www.cerl.fr;5766369;2.0;1;null;null
fr.talent.com;3697;4.0;1;null;null
www.ornikar.com;627990;6.0;1;54;https://www.ornikar.com
www.brangeon.fr;9539442;11.0;1;35;https://www.brangeon.fr
www.haladjian.fr;9800163;12.0;1;null;null
www.theatreonline.com;4878079;8.0;1;54;https://www.theatreonline.com
lecourtcircuit.fr;26588199;1.0;1;39;https://lecourtcircuit.fr
www.elandcables.com;132996;2.0;1;42;https://www.elandcables.com
resources.altium.com;49745;3.0;1;null;null
www.electricien63.fr;38398959;4.0;1;null;null
www.energuide.be;325486;7.0;1;47;https://www.energuide.be
www.le-court-circuit.fr;n/a;8.0;1;null;null
cnrtl.fr;46853;9.0;1;70;https://www.cnrtl.fr
izi-by-edf.fr;1734881;10.0;1;52;https://izi-by-edf.fr
courtcircuit.org;30336540;11.0;1;null;null
www.luberon-sud-tourisme.fr;10953923;3.0;1;null;null
www.jeanmarcmorandini.com;295475;10.0;1;80;https://www.jeanmarcmorandini.com
my.weezevent.com;1514491;2.0;1;80;https://my.weezevent.com
www.unidivers.fr;5472094;4.0;1;null;null
www.concertandco.com;8316699;13.0;1;50;https://www.concertandco.com
www.bigcustoms.fr;n/a;4.0;1;null;null
wesportfr.com;1984908;5.0;1;null;null
www.goutemesdisques.com;6784902;5.0;1;39;https://www.goutemesdisques.com
www.bienstream.com;4785939;6.0;1;null;null
fiebreseries.com;74279;7.0;1;null;null
www.rsdoublage.com;3326471;10.0;1;null;null
lcdtech.info;183136;4.0;1;37;https://lcdtech.info
icisete.fr;6957386;7.0;1;null;null
justice.ooreka.fr;183767;2.0;1;null;null
www.cinoche.com;1532221;8.0;1;54;https://www.cinoche.com
www.lesecransterribles.com;16967398;6.0;1;22;http://www.lesecransterribles.com
ushuaiatv.fr;29904607;6.0;1;48;https://ushuaiatv.fr
www.l-expert-comptable.com;569507;8.0;1;null;null
www.onisep.fr;278582;9.0;1;null;null
occasion.largus.fr;659187;10.0;1;78;https://occasion.largus.fr
www.novelas.tv;3063741;4.0;1;24;https://www.novelas.tv
www.116000enfantsdisparus.fr;41047617;9.0;1;51;https://www.116000enfantsdisparus.fr
www.diplomatie.gouv.fr;18667;11.0;1;80;https://www.diplomatie.gouv.fr
www.amf-france.org;1534133;14.0;1;null;null
interfaceparoles.free.fr;8851284;6.0;1;null;null
www.doubleje.fr;36484208;8.0;1;11;https://www.doubleje.fr
www.playstation.com;193;12.0;1;null;null
ddd.hypnoweb.net;1451008;13.0;1;null;null
tsvp-prod.com;41158624;9.0;1;null;null
www.pointdevue.fr;604178;5.0;1;null;null
www.milan-ecoles.com;12819062;6.0;1;null;null
www.cernuschi.paris.fr;19401;13.0;1;null;null
monroadtrip.ca;29123990;2.0;1;null;null
www.marseille.fr;3016217;3.0;1;null;null
le-debat.gallimard.fr;1389837;8.0;1;null;null
www.france24.com;3200;12.0;1;92;https://www.france24.com
granddebat.fr;10856362;13.0;1;null;null
defis-declics.org;42331490;1.0;1;35;https://defis-declics.org
www.cerclefser.org;6366535;2.0;1;36;https://www.cerclefser.org
cler.org;28670155;3.0;1;51;https://cler.org
declics-numeriques.com;30696142;4.0;1;28;https://declics-numeriques.com
www.apc-paris.com;3639453;5.0;1;50;https://www.apc-paris.com
www.tv-direct.fr;2004874;4.0;1;null;null
www.botravail.fr;21486402;11.0;1;null;null
echappees-belles.fr;24651191;12.0;1;null;null
eden.fftir.org;5616017;1.0;1;38;https://eden.fftir.org
www.cosmovisions.com;2314106;4.0;1;60;https://www.cosmovisions.com
www.fftir.org;5616017;6.0;1;null;null
elementary.paris;23407918;9.0;1;8;https://elementary.paris
elementary.io;125620;10.0;1;65;https://elementary.io
tpa.fr;3302368;4.0;1;null;null
www.enfamille.com;7827185;10.0;1;29;https://www.enfamille.com
www.familytrip.fr;4606268;14.0;1;null;null
www.am-today.com;9897742;5.0;1;null;null
www.enfants-du-soleil.com;n/a;2.0;1;1;https://www.enfants-du-soleil.com
www.fondation-enfance.org;8810025;3.0;1;59;https://www.fondation-enfance.org
enfantsdusoleil.org;25561995;4.0;1;null;null
www.la-croix.com;189304;6.0;1;88;https://www.la-croix.com
www.odilejacob.fr;4303593;7.0;1;60;https://www.odilejacob.fr
engagezvous.com;n/a;5.0;1;20;http://engagezvous.com
fr.finalfantasyxiv.com;947;6.0;1;88;https://fr.finalfantasyxiv.com
editionsdelaube.fr;4880475;7.0;1;51;https://editionsdelaube.fr
www.contact-telephone.com;3055158;5.0;1;null;null
www.bellmedia.ca;165423;5.0;1;null;null
envoye-special.fr;8632551;8.0;1;23;https://envoye-special.fr
www.cia-france.com;177918;6.0;1;null;null
allodoublage.com;5073266;7.0;1;33;http://www.allodoublage.com
espritscriminels.fandom.com;9;11.0;1;94;https://espritscriminels.fandom.com
etalors-lingerie.fr;24906219;1.0;1;12;https://etalors-lingerie.fr
www.chartsinfrance.net;743590;3.0;1;null;null
www.cheriefm.fr;1662575;4.0;1;null;null
etalors.com;18215633;9.0;1;null;null
ms-my.facebook.com;6;3.0;1;null;null
www.pairidaiza.eu;509594;3.0;1;60;https://www.pairidaiza.eu
ipb.be;10477524;5.0;1;null;null
arenes.fr;7995463;5.0;1;59;https://arenes.fr
xxl-factory.com;19976309;4.0;1;18;https://xxl-factory.com
fr.style.yahoo.com;11;13.0;1;null;null
blog.autourdeminuit.com;11088107;3.0;1;37;https://blog.autourdeminuit.com
foot-2-rue-extreme.fandom.com;9;3.0;1;null;null
foot-2-rue.fandom.com;9;4.0;1;null;null
www.stadefrance.com;292297;4.0;1;null;null
lfpl.fff.fr;227439;6.0;1;null;null
www.fff.fr;227439;7.0;1;86;https://www.fff.fr
www.ligue2.fr;2835487;1.0;1;54;https://www.ligue2.fr
www.foot-direct.com;623473;3.0;1;32;https://www.foot-direct.com
www.betclic.fr;2194547;6.0;1;null;null
mercatofootanglais.com;6395572;5.0;1;null;null
www.maxifoot.fr;111479;13.0;1;null;null
www.foreverliving.fr;4278530;1.0;1;40;https://www.foreverliving.fr
foreverliving.com;60509;3.0;1;59;https://foreverliving.com
www.aloe-vera-pour-tous.com;4397160;4.0;1;18;https://www.aloe-vera-pour-tous.com
www.foreverlaradio.fr;27753365;7.0;1;null;null
paris.friendstheexperience.com;42654;9.0;1;null;null
friends.hypnoweb.net;1451008;14.0;1;null;null
www.gaumont.fr;4567869;6.0;1;60;https://www.gaumont.fr
gigantosaurus-tvseries.com;1242571;4.0;1;13;https://gigantosaurus-tvseries.com
store.playstation.com;193;9.0;1;93;https://store.playstation.com
www.unificationfrance.com;8295696;9.0;1;51;https://www.unificationfrance.com
maze.fr;9275410;2.0;1;null;null
carline-beauty.com;6911301;4.0;1;null;null
bibliotheques.paris.fr;19401;10.0;1;90;https://bibliotheques.paris.fr
www.legrandhoteltours.com;5785186;1.0;1;null;null
lamonteeiberique.com;7881995;6.0;1;29;https://lamonteeiberique.com
www.booking.com;180;10.0;1;null;null
bordeaux.intercontinental.com;16834;11.0;1;null;null
grand-hotel-chateau-du-loir.com;10854032;12.0;1;null;null
www.grandhotel.fr;18507258;13.0;1;null;null
www.grand-hotel-cabourg.com;8897151;14.0;1;null;null
www.grands-reportages.com;6140996;2.0;1;40;https://www.grands-reportages.com
www.rfi.fr;9027;8.0;1;null;null
abonnement-magazine.fnac.com;59769;11.0;1;null;null
ici.artv.ca;3665175;11.0;1;null;null
www.pocket-lint.com;1486;2.0;1;87;https://www.pocket-lint.com
www.journaldugeek.com;884838;5.0;1;null;null
www.studiohari.com;1508670;7.0;1;32;https://www.studiohari.com
www.discogs.com;371;9.0;1;92;https://www.discogs.com
hitmachinem6.unblog.fr;2053166;10.0;1;null;null
valdoise.terredecinema.fr;11610256;5.0;1;null;null
www.cafedeclic.com;6274204;6.0;1;null;null
www2.hm.com;450;11.0;1;null;null
www.lamontagne.fr;2493049;12.0;1;null;null
www.halowaypoint.com;5700;4.0;1;81;https://www.halowaypoint.com
www.xboxygen.com;5535764;7.0;1;null;null
fr.jugomobile.com;458558;9.0;1;null;null
cloudatlas.wmo.int;17783;12.0;1;89;https://cloudatlas.wmo.int
hawaii.hypnoweb.net;1451008;9.0;1;59;https://hawaii.hypnoweb.net
www.close-upmag.com;33313234;4.0;1;null;null
www.cineteleandco.fr;9624650;13.0;1;21;https://www.cineteleandco.fr
www.conseil-national.medecin.fr;2787321;2.0;1;63;https://www.conseil-national.medecin.fr
lesgeneralistes-csmf.fr;11809807;4.0;1;null;null
www.dictionnaire-medical.fr;3701870;5.0;1;null;null
www.medarus.org;12034264;9.0;1;53;https://www.medarus.org
eduscol.education.fr;776015;12.0;1;78;https://primabord.eduscol.education.fr
www.histoire-de-mots.fr;n/a;2.0;1;11;https://www.histoire-de-mots.fr
bouquinerie-histoiresdemots.fr;29644193;3.0;1;3;https://bouquinerie-histoiresdemots.fr
oliviervinuesa.wixsite.com;n/a;4.0;1;5;https://oliviervinuesa.wixsite.com
www.femmesdaujourdhui.be;1709039;2.0;1;null;null
www.morganphilips.com;1182420;8.0;1;54;https://www.morganphilips.com
anyfrench.com;9554483;11.0;1;19;https://anyfrench.com
www.filmdeculte.com;7260602;3.0;1;59;http://www.filmdeculte.com
www.caminteresse.fr;817935;1.0;1;null;null
www.bilan-psychologique.com;2182688;2.0;1;23;https://www.bilan-psychologique.com
www.rayuresetratures.fr;3454569;4.0;1;23;https://www.rayuresetratures.fr
sante.journaldesfemmes.fr;61142;6.0;1;87;https://sante.journaldesfemmes.fr
www.santemagazine.fr;250928;8.0;1;null;null
suivezlezebre.com;3036162;9.0;1;21;https://suivezlezebre.com
www.atypikoo.com;9211297;10.0;1;null;null
associationheritages.com;26402826;4.0;1;15;https://associationheritages.com
pompes-funebres-aubry.com;22908509;6.0;1;null;null
heritages.cyu.fr;1772337;9.0;1;59;https://heritages.cyu.fr
ot-aiguesmortes.com;3508593;3.0;1;null;null
ici-tout-commence.fr;19219509;12.0;1;null;null
www.asterix.com;257081;4.0;1;null;null
www.doitinparis.com;514296;7.0;1;51;https://www.doitinparis.com
www.institutfrancais.pl;10830241;7.0;1;null;null
esculturaeventos.com;3141261;5.0;1;null;null
tf1pro.com;33646311;13.0;1;50;https://tf1pro.com
www.infiniti.com;23826;1.0;1;65;https://www.infiniti.com
www.lacentrale.fr;189152;4.0;1;69;https://www.lacentrale.fr
www.autosphere.fr;852843;5.0;1;47;https://www.autosphere.fr
www.latribune.fr;642827;6.0;1;null;null
www.automobile-magazine.fr;2307317;11.0;1;64;https://www.automobile-magazine.fr
www.ouestfrance-auto.com;917505;13.0;1;null;null
www.neubauer.fr;21750532;14.0;1;null;null
www.gallia.be;10934444;4.0;1;null;null
www.poetica.fr;1564981;2.0;1;52;https://www.poetica.fr
www.kartable.fr;709739;3.0;1;null;null
lesvoixdelapoesie.ca;2674005;8.0;1;39;https://lesvoixdelapoesie.ca
www.bacdefrancais.net;2650275;9.0;1;51;https://www.bacdefrancais.net
pezenas2022.fr;41999419;11.0;1;null;null
www.bonjourpoesie.fr;2001131;12.0;1;59;https://www.bonjourpoesie.fr
n-oubliez-pas-les-paroles.fandom.com;9;8.0;1;null;null
paroles2chansons.lemonde.fr;13457;10.0;1;null;null
www.ledevoir.com;339724;10.0;1;77;https://www.ledevoir.com
www.gis-reseau-asie.org;1198161;7.0;1;37;http://www.gis-reseau-asie.org
recettes100faim.fr;12342428;4.0;1;null;null
www.carrefour.fr;271953;9.0;1;75;https://www.carrefour.fr
www.groupe-bel.com;733719;10.0;1;54;https://www.groupe-bel.com
recettes.de;1836462;11.0;1;null;null
www.kiri-kiri.be;n/a;12.0;1;null;null
www.kiva.fr;30736318;1.0;1;21;https://www.kiva.fr
www.kiva.org;48783;2.0;1;82;https://www.kiva.org
finland.fi;62307;5.0;1;null;null
www.usinenouvelle.com;904955;7.0;1;79;https://www.usinenouvelle.com
www.francelive.fr;3691575;2.0;1;null;null
kungfupanda.fandom.com;9;7.0;1;null;null
www.librairie-gallimard.com;4500637;13.0;1;null;null
movierama.fr;12895307;14.0;1;null;null
europe.tv5monde.com;66153;5.0;1;83;https://europe.tv5monde.com
autobiographie.sitapa.org;31162268;12.0;1;null;null
vod.canalplus.com;79000;13.0;1;84;https://vod.canalplus.com
www.info-du-web.net;9100957;4.0;1;null;null
gallica.bnf.fr;158593;9.0;1;null;null
cinedweller.com;3828436;10.0;1;null;null
chloefashionlifestyle.com;6913443;11.0;1;27;https://chloefashionlifestyle.com
www.lagrandlibrairie.com;14719076;8.0;1;null;null
odelices.ouest-france.fr;55247;12.0;1;93;https://odelices.ouest-france.fr
www.eyrolles.com;1728452;5.0;1;66;https://www.eyrolles.com
elephant-groupe.com;4646965;12.0;1;null;null
histoire.fr;33826637;6.0;1;51;https://histoire.fr
thepretender.hypnoweb.net;1451008;9.0;1;null;null
www.magelis.org;40542540;6.0;1;null;null
www.grazia.fr;1368459;12.0;1;null;null
www.nouveau-monde.net;16977657;3.0;1;null;null
halldulivre.com;4338716;5.0;1;43;https://halldulivre.com
www.ombres-blanches.fr;7912277;8.0;1;49;https://www.ombres-blanches.fr
www.lejourduseigneur.com;2497313;1.0;1;52;https://www.lejourduseigneur.com
soundcloud.com;253;10.0;1;null;null
ici.radio-canada.ca;53619;11.0;1;89;https://ici.radio-canada.ca
francearchives.fr;1937135;12.0;1;null;null
www.lisez.com;2263872;9.0;1;70;https://www.lisez.com
mffp.gouv.qc.ca;42766;4.0;1;null;null
www.notrenature.be;5828854;7.0;1;29;https://www.notrenature.be
www.le-renard.fr;12705924;10.0;1;null;null
www.bestioles.ca;4438685;11.0;1;null;null
www.cotre-corsaire-renard.com;37860740;12.0;1;null;null
www.ofb.gouv.fr;3357259;13.0;1;null;null
alivreouvert.net;9526944;4.0;1;null;null
www.superprof.fr;568088;5.0;1;null;null
www.voyageavecnous.fr;1566905;6.0;1;null;null
www.billetreduc.com;1435145;11.0;1;null;null
idille-emissions.tv;9592373;13.0;1;null;null
www.leonardo.com;75606;3.0;1;62;https://www.leonardo.com
www.cinenews.be;874007;7.0;1;null;null
histoiredupsg.fr;4829679;8.0;1;31;https://histoiredupsg.fr
le10sport.com;1157118;10.0;1;67;https://le10sport.com
www.fanafoot.com;16005321;11.0;1;null;null
actimomes.com;17408071;5.0;1;null;null
www.tintin.com;82001;7.0;1;65;https://www.tintin.com
www.ecransdumonde.com;16668769;3.0;1;18;https://www.ecransdumonde.com
www.gad-distribution.com;2497741;4.0;1;30;https://www.gad-distribution.com
www.msn.com;178;3.0;1;null;null
www.femina.fr;1384755;10.0;1;68;https://www.femina.fr
www.allier-auvergne-tourisme.com;4531622;13.0;1;null;null
lescheminsdusacre.com;n/a;2.0;1;1;http://lescheminsdusacre.com
www.cameralucida.fr;35710008;8.0;1;null;null
nicolas-le-neve3.webnode.fr;2355378;9.0;1;null;null
mechants.fandom.com;9;4.0;1;null;null
pizzeria-les-dalton.fr;22820860;10.0;1;2;https://pizzeria-les-dalton.fr
www.agatfilms-exnihilo.com;7066398;3.0;1;38;https://www.agatfilms-exnihilo.com
tvbreizh.fr;5251479;11.0;1;34;https://tvbreizh.fr
bfmbusiness.bfmtv.com;49414;11.0;1;null;null
tendances.orange.fr;113998;6.0;1;null;null
oth.hypnoweb.net;1451008;10.0;1;59;https://oth.hypnoweb.net
lesfreresscott.free.fr;22511954;14.0;1;31;http://lesfreresscott.free.fr
www.vousnousils.fr;5702787;3.0;1;null;null
www.bayard-editions.com;2885648;11.0;1;54;https://www.bayard-editions.com
homemedia.fr;10179510;9.0;1;48;https://homemedia.fr
www.avcesar.com;9062844;10.0;1;null;null
imagissime.productions;32605734;8.0;1;null;null
benshi.fr;8511872;5.0;1;47;https://benshi.fr
www.parcsnationaux.fr;4543119;6.0;1;null;null
www.office-tourisme-usa.com;1899725;8.0;1;54;https://www.office-tourisme-usa.com
mapstr.com;1133932;3.0;1;54;https://mapstr.com
docs.quad.fr;2328428;4.0;1;42;https://docs.quad.fr
marguerite.mediatheques.fr;7629997;5.0;1;40;https://marguerite.mediatheques.fr
www.rageot.fr;20151238;1.0;1;41;https://www.rageot.fr
ilestencoretemps.fr;4419035;3.0;1;null;null
www.evaneos.fr;1736997;4.0;1;null;null
www.selection.ca;743067;6.0;1;58;https://www.selection.ca
actualites-decalees.autojournal.fr;2040780;7.0;1;62;https://actualites-decalees.autojournal.fr
www.exoticca.com;39319;8.0;1;48;https://www.exoticca.com
www.simpsonspark.com;3553061;9.0;1;53;https://www.simpsonspark.com
les-triples.com;10993052;1.0;1;27;https://les-triples.com
www.geekgeneration.fr;6678615;7.0;1;null;null
photo.geo.fr;503600;3.0;1;74;https://photo.geo.fr
www.newenconnect.com;2488539;11.0;1;null;null
www.melty.fr;2108164;10.0;1;82;https://www.melty.fr
mapiscinedereve.fr;n/a;3.0;1;2;https://mapiscinedereve.fr
www.piscinespa.com;10738289;5.0;1;31;https://www.piscinespa.com
www.harlequin.fr;5323675;8.0;1;50;https://www.harlequin.fr
www.bienici.com;313552;1.0;1;56;https://www.bienici.com
www.seloger.com;119161;2.0;1;73;https://www.seloger.com
immobilier.lefigaro.fr;19674;4.0;1;93;https://immobilier.lefigaro.fr
www.avendrealouer.fr;889612;5.0;1;null;null
www.pap.fr;452046;8.0;1;69;https://www.pap.fr
www.immonot.com;1424813;9.0;1;null;null
www.century21.fr;990019;10.0;1;null;null
www.warnertv.fr;11617191;8.0;1;32;https://www.warnertv.fr
www.mangerbouger.fr;3144296;9.0;1;null;null
www.smatis.fr;5735452;10.0;1;null;null
www.chateauversailles.fr;7082;4.0;1;73;https://www.chateauversailles.fr
marie-antoinette.forumactif.org;1619556;8.0;1;null;null
www.lexpress.fr;580389;4.0;1;null;null
www.ege.fr;3654808;2.0;1;null;null
tonies.com;20236;11.0;1;53;https://tonies.com
medium.com;390;1.0;1;95;https://medium.com
www.pagesjaunes.fr;85862;5.0;1;null;null
www.notredamedeparis.fr;327312;5.0;1;null;null
www.oeuvredesvocations.fr;8547236;6.0;1;null;null
diocesedetours.catholique.fr;408089;7.0;1;null;null
www.paroisse-cathedrale-tours.fr;27575220;8.0;1;null;null
www.europcar-guadeloupe.com;3809217;2.0;1;null;null
www.sudinfo.be;324171;5.0;1;null;null
itunes.apple.com;15;9.0;1;null;null
latelierdimages.fr;42129630;11.0;1;34;https://latelierdimages.fr
www.ballecourbe.ca;2645430;4.0;1;null;null
evene.lefigaro.fr;19674;13.0;1;null;null
blog.litha-espresso.fr;37322885;1.0;1;null;null
ma-box-cafe.com;25694058;2.0;1;null;null
www.illy.com;18743;4.0;1;null;null
www.meilleurduchef.com;207768;5.0;1;66;https://www.meilleurduchef.com
moka.ai;4221416;6.0;1;34;https://moka.ai
molang.com;74196;1.0;1;27;https://molang.com
lacentraledespetits.com;17033286;7.0;1;14;https://lacentraledespetits.com
heros-fr.fandom.com;9;4.0;1;null;null
www.reservoir-prod.fr;21483003;3.0;1;null;null
monk.hypnoweb.net;1451008;9.0;1;59;https://monk.hypnoweb.net
monk.fandom.com;9;11.0;1;null;null
www.estrepublicain.fr;1215112;2.0;1;null;null
jaimelesmots.com;2188932;4.0;1;null;null
www.ledouxpsychologue.fr;28253261;3.0;1;null;null
mr-robot.fandom.com;9;4.0;1;null;null
fr.mappy.com;300103;3.0;1;null;null
scriiipt.com;9849666;6.0;1;36;https://scriiipt.com
www.nice.fr;1650778;5.0;1;null;null
spectacle.noplp.fr;7492832;12.0;1;24;https://spectacle.noplp.fr
dictionnaire.orthodidacte.com;554452;6.0;1;49;https://dictionnaire.orthodidacte.com
www.rapcity.fr;28235039;12.0;1;null;null
nawak.com;6771957;1.0;1;41;https://nawak.com
ncis.fandom.com;9;5.0;1;null;null
www.nextdirect.com;151148;1.0;1;67;https://www.nextdirect.com
www.zalando.fr;310817;2.0;1;83;https://www.zalando.fr
next-showroom.com;26844688;3.0;1;12;https://next-showroom.com
www.next.co.uk;16354;4.0;1;81;https://www.next.co.uk
www.laredoute.fr;320850;6.0;1;74;https://www.laredoute.fr
www.nextmobiles.com;9998182;8.0;1;null;null
jvmag.ch;10137359;11.0;1;null;null
meilleursprenoms.com;5155847;4.0;1;null;null
fluxdeconnaissances.com;35439;5.0;1;null;null
nautisme-innovation-numerique-atlantique.fr;19861873;10.0;1;null;null
www.ninaricci.com;133705;11.0;1;null;null
www.lemediaplus.com;10961910;7.0;1;null;null
www.coleka.com;46141;9.0;1;41;https://www.coleka.com
brickset.com;4637;10.0;1;69;https://brickset.com
www.hothbricks.com;947862;11.0;1;55;https://www.hothbricks.com
ninjago.fandom.com;9;12.0;1;94;https://ninjago.fandom.com
mobile.twitter.com;12;4.0;1;null;null
www.avenuedelabrique.com;12669721;12.0;1;32;https://www.avenuedelabrique.com
www.scenedecrime.tv;8800689;7.0;1;17;https://www.scenedecrime.tv
www.phare-ouest.tv;28358690;11.0;1;null;null
fr.necropedia.org;46949;4.0;1;null;null
www.groupechopard.com;3497591;2.0;1;36;https://www.groupechopard.com
oggyandthecockroaches.fandom.com;9;4.0;1;null;null
surnosecrans.com;7371326;6.0;1;null;null
www.lesnumeriques.com;435581;13.0;1;null;null
www.police-nationale.interieur.gouv.fr;113479;13.0;1;87;https://www.police-nationale.interieur.gouv.fr
www.paprika.fr;20466025;2.0;1;35;https://www.paprika.fr
ileauxepices.com;1218622;3.0;1;47;https://ileauxepices.com
www.epices-fuchs.fr;7956957;4.0;1;28;https://www.epices-fuchs.fr
www.passeportsante.net;91260;6.0;1;82;https://www.passeportsante.net
www.epicesdumonde.com;2595231;7.0;1;null;null
www.assemblee-nationale.fr;310372;1.0;1;83;https://www.assemblee-nationale.fr
www2.assemblee-nationale.fr;310372;2.0;1;null;null
www.noscommunes.ca;2532905;5.0;1;null;null
www.parlement.fr;29092435;8.0;1;41;https://www.parlement.fr
www.europarl.europa.eu;26597;10.0;1;97;https://www.europarl.europa.eu
perspective.usherbrooke.ca;281424;12.0;1;null;null
www.cesoirtv.com;3066054;11.0;1;null;null
www.coast2coast.fr;10399359;2.0;1;null;null
www.gentside.com;1776217;3.0;1;null;null
gspawn.com;17372;9.0;1;54;https://gspawn.com
www.lostintheusa.fr;893533;11.0;1;null;null
www.gettyimages.fr;364167;12.0;1;64;https://www.gettyimages.fr
www.redbubble.com;287;14.0;1;null;null
peppapig.fandom.com;9;4.0;1;null;null
www.mon-heros.com;14855258;5.0;1;null;null
www.bebegavroche.com;6485689;9.0;1;44;https://www.bebegavroche.com
www.peppapig.com;33455;10.0;1;62;https://www.peppapig.com
www.petitmalabar.tv;n/a;3.0;1;7;https://www.petitmalabar.tv
www.albin-michel.fr;3443593;6.0;1;65;https://www.albin-michel.fr
www.ricochet-jeunes.org;2538642;7.0;1;null;null
www.petitoursbrun.com;39003206;2.0;1;40;https://www.petitoursbrun.com
www.123casting.com;6273326;3.0;1;null;null
www.atlantistv.fr;7586631;5.0;1;29;https://www.atlantistv.fr
www.lemessager.fr;3716032;1.0;1;null;null
plusbellelavie.org;4447569;7.0;1;42;https://www.plusbellelavie.org
www.pokemon.com;340;1.0;1;84;https://www.pokemon.com
www.cartepokemons.com;40277422;3.0;1;null;null
pokemongolive.com;5508;7.0;1;73;https://pokemongolive.com
www.pokemon-france.com;7341025;9.0;1;43;https://www.pokemon-france.com
www.dafont.com;2757;3.0;1;90;https://www.dafont.com
www.elephorm.com;2987833;4.0;1;null;null
graphiste.com;1571647;5.0;1;null;null
pro-actif.ca;6999406;6.0;1;null;null
www.adobe.com;100;7.0;1;null;null
www.blogdumoderateur.com;561597;9.0;1;81;https://www.blogdumoderateur.com
www.monotype.com;102774;12.0;1;71;https://www.monotype.com
www.bienpublic.com;1886192;5.0;1;null;null
littlekmbo.com;19401085;6.0;1;36;https://littlekmbo.com
www.andarta-pictures.com;8992810;10.0;1;null;null
blog.boardsource.org;121784;3.0;1;null;null
zagtoon.fandom.com;9;5.0;1;null;null
www.heroshock.com;1243792;4.0;1;null;null
profilage.fandom.com;9;3.0;1;94;https://profilage.fandom.com
profilage.hypnoweb.net;1451008;9.0;1;59;https://profilage.hypnoweb.net
dailygeekshow.com;3214788;4.0;1;null;null
www.agc3pa02.fr;11909733;10.0;1;6;https://www.agc3pa02.fr
www.supagro.fr;4723319;12.0;1;null;null
www.protestants.org;40744869;3.0;1;50;https://www.protestants.org
museeprotestant.org;116236;8.0;1;56;https://museeprotestant.org
www.casting-pekinexpress.fr;23355069;9.0;1;27;https://www.casting-pekinexpress.fr
recherche-appartement-ou-maison.com;8661831;3.0;1;25;https://recherche-appartement-ou-maison.com
artistes-productions.com;6422518;6.0;1;null;null
mon-arbre-genealogique.fr;16796934;4.0;1;null;null
succession-service.fr;14903034;5.0;1;null;null
cleerly.fr;2895294;6.0;1;null;null
www.coutot-roehrig.com;39051134;7.0;1;37;https://www.coutot-roehrig.com
www.rfgenealogie.com;5922694;9.0;1;49;https://www.rfgenealogie.com
www.m-habitat.fr;1034757;10.0;1;53;https://www.m-habitat.fr
www.parisbouge.com;3498751;3.0;1;55;https://www.parisbouge.com
www.destinationcocktails.fr;4950142;7.0;1;null;null
www.restosducoeur.org;1042985;1.0;1;68;https://www.restosducoeur.org
www.francebenevolat.org;4148455;5.0;1;55;https://www.francebenevolat.org
www.saint-cyr-sur-loire.com;19893682;6.0;1;null;null
www.legrandrex.com;974032;1.0;1;60;https://www.legrandrex.com
www.viepratique.fr;1727715;3.0;1;null;null
rexclub.com;2129705;10.0;1;52;https://rexclub.com
www.rickyzoom.com;759047;2.0;1;26;https://www.rickyzoom.com
fr.tomy.com;40788;3.0;1;58;https://fr.tomy.com
www.fredzone.org;2621990;3.0;1;69;https://www.fredzone.org
www.proximus.be;369177;4.0;1;null;null
www.coollibri.com;2885486;2.0;1;null;null
culturelivresque.fr;7018923;7.0;1;12;https://culturelivresque.fr
www.motscroises.fr;1156647;11.0;1;null;null
www.youscribe.com;3057231;13.0;1;66;https://www.youscribe.com
www.agendatv-rugby.com;27193816;5.0;1;null;null
dicodusport.fr;2348144;5.0;1;null;null
www.ffr.fr;1395777;8.0;1;null;null
www.sacha.fr;11859629;1.0;1;34;https://www.sacha.fr
www.fourchette-et-bikini.fr;1504889;5.0;1;null;null
www.wikiwand.com;1308;7.0;1;null;null
www.sam-outillage.fr;13047325;2.0;1;36;https://www.sam-outillage.fr
www.manomano.fr;195747;11.0;1;null;null
www.tripadvisor.fr;83581;12.0;1;89;https://www.tripadvisor.fr
www.orientation.com;1453857;14.0;1;null;null
janeausten.co.uk;100644;4.0;1;null;null
www.insider.com;210;7.0;1;null;null
www.quora.com;60;8.0;1;null;null
www.tvinsider.com;276;12.0;1;null;null
profsdocs.mlfmonde.org;1461988;8.0;1;50;https://profsdocs.mlfmonde.org
www.boingtv.fr;10784217;10.0;1;35;https://www.boingtv.fr
scorpionsports.eu;2580712;9.0;1;40;https://scorpionsports.eu
emma.ca;14802;14.0;1;30;https://emma.ca
www.secretsdhistoire.tv;3049516;2.0;1;23;https://www.secretsdhistoire.tv
store.uni-medias.com;17572602;10.0;1;40;https://store.uni-medias.com
www.viapresse.com;3758941;11.0;1;57;https://www.viapresse.com
www.tracedirecte.com;7511390;5.0;1;null;null
safaris-a-la-carte.com;8622297;8.0;1;29;https://safaris-a-la-carte.com
tanzaniaspecialist.fr;6791134;9.0;1;24;https://tanzaniaspecialist.fr
www.globe-trotting.com;2122245;10.0;1;40;https://www.globe-trotting.com
www.serengeti-eyewear.com;110468;11.0;1;47;https://www.serengeti-eyewear.com
www.voyagetanzanie.fr;10607656;12.0;1;14;https://www.voyagetanzanie.fr
www.tropicalement-votre.com;4823168;14.0;1;null;null
rinaorc.com;23781090;4.0;1;null;null
www.geforce.com;32136;11.0;1;null;null
ww2.ac-poitiers.fr;936670;4.0;1;null;null
loupioteasbl.files.wordpress.com;6202;6.0;1;null;null
www.studiodesursulines.com;10522737;9.0;1;null;null
hitek.fr;1624363;10.0;1;77;https://hitek.fr
www.mesopinions.com;3676363;5.0;1;73;https://www.mesopinions.com
m.imdb.com;5;10.0;1;95;https://m.imdb.com
www.simon-tv.com;681583;3.0;1;25;https://www.simon-tv.com
www.memento-productions.com;23374160;2.0;1;18;https://www.memento-productions.com
moisdudoc.com;22905220;5.0;1;50;https://moisdudoc.com
prologue-alca.fr;16720377;8.0;1;27;https://prologue-alca.fr
www.squaredesartistes.com;14106067;4.0;1;null;null
www.deezer.com;3819;3.0;1;93;https://www.deezer.com
superstore-shop.com;9709476;3.0;1;16;https://superstore-shop.com
smallthings.fr;10324748;7.0;1;null;null
www.mediacritik.com;6983783;11.0;1;null;null
www.citizenkid.com;2789175;4.0;1;54;https://www.citizenkid.com
www.taffy-ecologiques.com;n/a;1.0;1;15;https://www.taffy-ecologiques.com
www.tandem.net;21610;1.0;1;56;https://www.tandem.net
www.tandemcompany.fr;15814039;8.0;1;29;https://www.tandemcompany.fr
www.target.com;25;1.0;1;93;https://www.target.com
www.mikrosanimation.com;694360;7.0;1;31;https://www.mikrosanimation.com
www.ludum.fr;1760038;5.0;1;null;null
fr.statista.com;1191;3.0;1;null;null
tickets.rolandgarros.com;2387;6.0;1;77;https://tickets.rolandgarros.com
www.terraterre.co;11476084;1.0;1;23;https://www.terraterre.co
www.publicsenat.fr;1442589;2.0;1;73;https://www.publicsenat.fr
www.sami.eco;7478186;3.0;1;null;null
www.dimo-diagnostic.net;1774462;4.0;1;null;null
www.terraterre.fr;n/a;5.0;1;8;https://www.terraterre.fr
lesindependants.co;26556397;7.0;1;13;https://lesindependants.co
tfouparc.com;11243651;10.0;1;null;null
paroledemamans.com;2423068;13.0;1;null;null
www.thalassa.com;3367722;2.0;1;51;https://www.thalassa.com
www.sivu-thalassa.fr;30918880;13.0;1;null;null
www.thebay.com;27820;2.0;1;65;https://www.thebay.com
thechosen.fr;7100603;1.0;1;24;https://thechosen.fr
watch.angelstudios.com;7252;5.0;1;53;https://watch.angelstudios.com
screenrant.com;132;3.0;1;null;null
ew.com;290;6.0;1;null;null
lecoindescritiquescine.com;14096936;12.0;1;22;https://lecoindescritiquescine.com
www.tvguide.com;76;14.0;1;null;null
justonemoreep.com;10746066;3.0;1;null;null
xmen.fandom.com;9;8.0;1;94;https://xmen.fandom.com
fr.ign.com;147;12.0;1;92;https://fr.ign.com
leschroniquesdecliffhanger.com;6301719;8.0;1;38;https://leschroniquesdecliffhanger.com
www.stars-actu.fr;8503529;5.0;1;54;https://www.stars-actu.fr
www.papadustream.cc;1302128;11.0;1;null;null
blog.allegromusique.fr;1596157;4.0;1;null;null
thevoice.fandom.com;9;11.0;1;null;null
www.newsweek.com;348;5.0;1;null;null
www.roku.com;350;6.0;1;null;null
www.hitc.com;699;7.0;1;null;null
www.businessupturn.com;21870;8.0;1;null;null
fr.vpnpro.com;33520;3.0;1;null;null
www.direct8.fr;586191;5.0;1;null;null
www.benzinemag.net;8476726;9.0;1;46;https://www.benzinemag.net
this-is-us.fandom.com;9;10.0;1;94;https://this-is-us.fandom.com
www.lebonjouet.fr;29576210;9.0;1;null;null
toc-toc.fr;18386192;4.0;1;null;null
bytoctoc.com;30956674;5.0;1;15;https://bytoctoc.com
www.jeux123.fr;2551527;6.0;1;null;null
www.tomsawyerlemusical.com;n/a;2.0;1;null;null
www.schoolmouv.fr;1358066;4.0;1;53;https://www.schoolmouv.fr
www.voir-de-pres.fr;17138358;8.0;1;null;null
context.reverso.net;417;6.0;1;88;https://context.reverso.net
journalduluxe.fr;6354556;3.0;1;null;null
www.marmiton.org;84105;13.0;1;88;https://www.marmiton.org
www.largus.fr;659187;13.0;1;78;https://www.largus.fr
www.topgear.com;4575;2.0;1;85;https://www.topgear.com
www.tvanouvelles.ca;76394;3.0;1;null;null
momes.parents.fr;266711;3.0;1;73;https://momes.parents.fr
bouclard-editions.fr;34577130;6.0;1;null;null
www.actorsfactory.fr;12540962;6.0;1;null;null
www.careco41.fr;34352249;1.0;1;12;https://www.careco41.fr
gievresauto.com;37321454;2.0;1;16;https://gievresauto.com
lesretrosdor.com;11537507;4.0;1;16;https://lesretrosdor.com
www.lejsl.com;1664845;8.0;1;null;null
www.dynatek.fr;21141286;4.0;1;null;null
fr.motor1.com;2493;5.0;1;null;null
www.turbofrance.fr;5482007;10.0;1;25;https://www.turbofrance.fr
www.abcsalles.com;1552962;4.0;1;null;null
twist.com;115549;7.0;1;55;https://twist.com
www.jeuxteleactu.com;32490917;10.0;1;null;null
www.casting-events.com;17124340;12.0;1;null;null
www.mpedia.fr;536425;9.0;1;null;null
unenounoudenfer.fr;6858505;8.0;1;9;https://unenounoudenfer.fr
larochesuryon.maville.com;699536;5.0;1;null;null
www.zoo-la-fleche.com;4588097;9.0;1;49;https://www.zoo-la-fleche.com
www.editions-larousse.fr;4841841;12.0;1;null;null
www.journal-laterrasse.fr;22443995;9.0;1;null;null
la1ere.francetvinfo.fr;47748;9.0;1;93;https://la1ere.francetvinfo.fr
www.chu-tours.fr;12208322;1.0;1;null;null
www.sante.fr;509586;2.0;1;null;null
www.chu-lyon.fr;1593234;3.0;1;null;null
www.chu-toulouse.fr;2033533;4.0;1;null;null
www.tours.fr;3304916;7.0;1;null;null
www.urgences-la-serie.com;12471529;9.0;1;32;https://www.urgences-la-serie.com
info-tours.fr;5266654;12.0;1;null;null
anap.fr;7053585;13.0;1;null;null
www.midilibre.fr;349112;5.0;1;81;https://www.midilibre.fr
toitsalternatifs.fr;7533532;12.0;1;47;https://toitsalternatifs.fr
www.emissions-tv.com;9440654;10.0;1;null;null
www.vestimetal.fr;7098721;2.0;1;20;https://www.vestimetal.fr
www.vestiaires-magazine.com;12760624;5.0;1;31;https://www.vestiaires-magazine.com
fr.vestiairecollective.com;5208;6.0;1;80;https://fr.vestiairecollective.com
www.gamekult.com;2334030;8.0;1;82;https://www.gamekult.com
copainsdavant.linternaute.com;291940;4.0;1;null;null
fr.m.wikipedia.org;1;5.0;1;null;null
www.vintagemecanic.com;21216817;11.0;1;8;https://www.vintagemecanic.com
following-members.com;41059829;13.0;1;null;null
imctoys.com;666766;7.0;1;36;https://imctoys.com
www.walmart.ca;19482;8.0;1;null;null
visionspol.eu;35601026;2.0;1;20;https://visionspol.eu
www.visionsfrance.fr;3565779;12.0;1;null;null
vpnpro.com;33520;6.0;1;null;null
www.amazon.com;3;7.0;1;58;https://www.amazon.com.be
readysteadycut.com;6557;8.0;1;null;null
movieweb.com;439;4.0;1;null;null
www.hbomax.com;189;6.0;1;null;null
wallstreetenglish.fr;733806;4.0;1;null;null
fr.pons.com;2211;5.0;1;81;https://fr.pons.com
www.gymglish.com;6292;11.0;1;null;null
www.anglaiscours.fr;1788265;13.0;1;null;null
sites.arte.tv;112573;2.0;1;null;null
wwws.xeniusconsulting.com;n/a;4.0;1;10;https://wwws.xeniusconsulting.com
www.safas.com;5903319;7.0;1;null;null
encause.fr;4947324;3.0;1;null;null
www.visittheusa.fr;2073364;10.0;1;null;null
lesvoix.fr;9038425;8.0;1;null;null
www.go-n.fr;2611561;6.0;1;24;https://www.go-n.fr
www.m6videobank.com;6005213;13.0;1;26;https://www.m6videobank.com
www.imusic-school.com;62217;2.0;1;49;https://www.imusic-school.com
caribbeanmusicartists.com;17667918;3.0;1;null;null
www.casting.fr;2890463;4.0;1;null;null